{
  "map_50": 0.8032367086392317,
  "map_75": 0.7085612480953234,
  "map_50_95": 0.641459244881197,
  "mean_iou": 0.8876586808795501,
  "recall_50": 0.8708791208791209,
  "precision_50": 0.6921397379912664,
  "false_positives": 141,
  "false_negatives": 47,
  "total_predictions": 458,
  "total_ground_truths": 364,
  "inference_time_ms": 0.0,
  "model_name": "Faster R-CNN",
  "confidence_threshold": 0.5
}